"ID, Price"
158229.19438819666
234447.88906981968
161918.8567087964
395287.72838150227
138170.9236593395
209918.05231176707
171332.82560610777
213706.82105531413
278510.91192865366
208094.75252225224
271584.3571510015
224860.32045958392
152394.71502444014
206532.7495282391
107075.32398868317
181508.76132084947
374113.6004890104
186984.05879167563
213674.49076147383
237068.0032225749
193971.1930047471
133596.88593548644
231610.50809387397
154524.82450884482
174377.1546418019
172525.711696075
301383.8324535256
107581.13853685555
181673.29587444308
285114.8394452459
178909.82884076328
274399.2150469597
196816.05985736178
166366.34537598913
180759.94440081157
243289.84506544564
204004.3180239629
184723.8650113179
154989.82943342574
115421.49622987425
195490.68716519346
131019.59663716299
152081.86132165734
149961.58311222537
193040.85389616637
206871.9738559086
239260.62779302435
229278.1985272045
232407.6006902888
193340.97056159994
127978.15453386279
417739.1256387376
236428.95063576972
173831.21812259074
195308.9551818868
148033.2506390047
155278.0343253755
314837.37662232993
117819.76252682938
110219.2271851557
274826.53777733876
337609.64004027145
191230.32269754677
346220.628276165
298787.14200175187
225006.15614660643
259525.46771967085
301456.21956216526
187779.85183994862
241221.04492313013
149886.86702643143
338028.3710255392
376074.87511459703
218752.43173758552
160334.14648431924
167025.10873247907
251519.104502807
317965.28693180426
438325.06931449415
158767.15857045824
216479.92867762214
248882.41323598372
180008.92017884552
278769.4888751166
303479.62533503154
330515.7452335301
267743.26896192285
211032.00618534925
168488.54045896433
202016.10121875996
197437.38071612144
139506.4641226668
198969.24354517323
149523.15239747387
253624.63022033713
158352.37192440833
284881.8771760691
217194.6382571267
128703.14838589115
132678.41328308402
182902.6773719321
183090.45976539695
186924.69370662462
182573.05892509985
238112.0489953266
154189.34522951764
177703.4494143196
197067.78596157552
175971.6994145674
122267.33250321778
237060.48708403163
122278.0220915281
237125.2536193629
131876.02144143102
321287.58115169796
221492.0651203529
168930.16462821915
86741.49613584985
147017.26910779355
236214.81545460815
96268.93146668408
119812.28458554864
259935.9132213044
100405.06226119434
161068.54976019968
224878.81238009883
558408.5137435929
152207.74026616212
121970.84026533792
186851.21769942957
118397.14275403388
155833.27525183462
168013.2647689904
168365.72359608847
132437.00420460224
279888.84765023494
207938.3916362949
211724.27219445872
183852.89558695199
250361.28195224484
151704.69501874765
251741.03380116238
273191.4132590659
144310.6349744751
151816.7658541374
457206.0166307629
170598.2711282274
180529.31834364604
180133.54216422065
435108.4916472028
194669.20449526966
287796.9514134693
143890.34658918792
380971.44928666356
197299.1570115525
219280.3764660779
185568.62090955704
141415.23624008225
144688.22600764845
176931.26297719864
101062.60411804488
415997.21562578715
347673.2890360957
191124.25780452875
99024.35677654351
169859.61115353147
206252.1963732631
88453.75207980501
188557.78150497223
191780.4646507158
241727.9708083247
107672.5634809476
197887.12016928062
203175.462963813
64815.30739915949
257883.0048843849
206954.53568430388
230897.1210942603
316001.32656778785
279242.2311768493
228237.51848607097
167393.82469524426
190895.4883770111
311624.9591757331
397327.7921059204
174470.0012698983
257288.98398264623
137558.80037038276
348464.78052275104
179495.81822955908
175642.7943186218
152172.23320698304
114371.68759799928
159593.02387199845
221024.98503164639
389066.6419959967
215372.70159713746
195440.57968517247
238227.88750571385
257887.50970673547
202789.8713168108
326931.04731404607
236110.85848723492
369564.6589256184
166271.88194487305
252258.51609889293
228993.11501681787
204305.77778758292
143868.60089524582
144340.3789254116
175818.57514300942
146476.52921330064
181912.993824807
179670.58743944368
114179.38043584206
233548.58327288102
173062.79751555328
176639.82891905325
214503.6544506324
183446.22387946118
201066.17778067902
183716.70208049117
193847.05829914083
188010.15066770333
195533.71059954187
493521.0841127483
446718.42566550244
185829.36127389208
211082.98043876071
255547.4861467583
230228.9603359296
162260.63444656305
116638.91593807601
234916.40217432583
186876.79616092757
231140.60712103933
284048.55716392456
246706.68785327795
159374.86919216704
180405.4075928322
175406.69466763138
120554.99120207105
168406.85915928253
218547.32351735915
335695.6042236255
195810.90755394413
324295.190757673
410034.77084233105
291389.19402702956
223549.35387579576
242765.25713050234
308349.62179337646
186976.14322943616
258219.16924508102
203485.43076213944
367860.2338378805
379946.225719839
231568.73014490967
155935.8257193077
212286.95562314623
424610.2838836992
154773.99326685254
214904.08160087778
192410.91852802882
269653.059269731
181779.98758031422
186111.13890810846
340600.58341426705
193258.94876396662
290634.1935135701
247346.1238938758
450437.6039566061
171685.24388969038
182053.5590259129
225111.22072242395
457074.33067733824
188842.2227594778
219961.4487009365
433758.00107661093
174551.40920470151
216155.34750061616
264125.5055818739
130153.77956945046
187337.39558123436
117290.63792106738
180105.23945109264
230653.08058820298
248923.72470922768
196477.27312795416
287343.1141687433
195427.49805720247
158772.96058017743
136826.07467037442
156965.62261776696
277992.7160883207
188425.9793237892
204334.9368141157
70368.88341724852
205530.43755573424
162438.3662723042
234251.80277896236
147255.7508146748
218464.64291555644
182645.24105454906
331246.9659274154
221301.17957682657
219937.82056230627
233816.1797521307
222821.48758575245
118583.41952408486
169267.0915013936
254360.35587187554
194279.9261397965
221823.72598238336
187126.86740493163
194448.4637605379
169032.57179404143
492645.9765088167
183035.3560711165
83755.44823684981
122686.09743824531
258954.8247901572
203152.15926875002
168224.79552539275
180618.9752161791
132862.99857746644
196016.44308210805
157610.77113246312
144621.5324532838
206958.82753436407
161723.68811398587
248502.65726697497
202462.0810742538
188796.5861641903
167275.631270351
217544.5380860222
225916.09845362348
82590.15173360759
179145.1481133719
125415.14575062499
133124.2177327962
234648.25855809683
392869.7975492787
223849.7816589415
160366.99775694037
315215.25098076364
145556.7622710916
155603.2989747952
203484.0175602233
139460.96432360332
184175.35758178972
185974.41408414542
131561.3044659617
145884.13153319023
236132.54030972245
200777.66145618353
182068.129424235
177148.0992389295
220670.01492250507
211702.41173045072
147066.44532033996
390840.3292487284
179624.53797493567
252911.30630343276
185138.75436410145
133181.1625622766
68475.24461032817
157774.4287046301
245960.1704666947
172230.79088161327
158424.04399122656
142922.8348920162
169760.75470782668
149105.89138050072
400139.7540686737
240504.08096658764
242066.79532094742
240050.82068786054
153178.14366956876
187411.67462998803
128492.13653760096
193573.0695759222
221519.9565725943
131891.0613542627
154074.28585260946
409978.68144625507
145715.4351809252
261298.34023336958
172919.79898632743
236925.0115370988
281946.46826939855
178852.32175903543
164439.9892097843
131256.12477030893
247850.80825225086
273991.56347544846
207442.4988025368
186153.65463499114
129527.5428860966
319540.91283031064
341061.4670606633
310222.3699953075
235137.7830708789
211131.3028507052
178308.84943186515
175180.07689860865
181366.72243175746
172306.54329518852
154406.57941272986
382605.32640862104
164376.44494059906
118066.96353083709
204761.64380448096
171057.61199515374
217448.4431281103
210831.96381574302
163287.50920149585
157214.62626101726
342307.28150431166
272017.68896010454
268367.4308217506
211551.6580956819
100968.39126032272
372298.9245571965
183272.37589967763
161521.23535360422
147325.4950237347
175062.46183977037
222074.1302752061
386043.22552823677
173422.52526374365
176845.11741673108
285000.1116996751
161742.2760255164
195608.73178932822
135191.8548499039
251027.77152139353
215743.79426504942
180384.68522644413
205180.60009161226
238807.37220620277
152038.64592098494
296758.86402711656
99643.41167190252
332931.0671760174
346836.906135425
193909.6927745278
118600.80988787141
298593.8697307307
195114.29787168722
213267.1555879829
177533.93305005846
330825.26396963303
198666.61314714886
169556.62817380563
159411.1788286138
216283.03551228903
179634.8564036374
291488.9379838929
200183.21901747645
270576.99737251725
275828.8402588989
137268.41566662648
156850.4861689318
219597.01619391236
141440.76732820558
356032.93173857837
320369.8500839605
134383.9355965798
262931.86421417654
187936.93446370916
320528.8400913313
180378.858027842
174775.35378669907
442055.78335084755
186872.24442690692
252272.93770760522
212797.8098546627
203959.45381855406
247096.8472940273
214286.98002490765
211762.34295583336
156046.88311737965
124781.15988892636
97615.51218883893
221100.30458626762
232554.18056039512
243558.68414783664
195996.2609052315
288384.0009708558
128369.90294281594
162836.8546691234
276007.9367595887
201477.40997381558
174794.6361790581
334704.08253665327
371214.96607073327
86245.56813395568
241492.07900881823
408503.11595074733
241410.9301962527
231471.97093134894
321349.31433976255
259463.77527053803
211946.28007331904
187266.38631194853
220430.07955375832
245858.94721701517
193125.25814929625
274671.9542283185
243884.73674865946
194884.06172475027
114133.05968228422
214956.94007108678
387202.7672644758
212279.908733537
252952.82536648857
303018.7002745556
161189.23260772615
170725.39742168234
173669.53858498594
99080.72902174554
369835.5809410083
427928.69084665395
320810.6598298171
196901.3608172061
196134.0350490143
216053.87199581246
453531.64361427573
158736.53244901708
167909.4063825857
175109.4951311972
155484.86651878545
131127.75288183824
295808.0126645036
190413.9034192111
146994.3105157659
263512.4202263758
173948.2024301881
119790.94023411286
178865.00577841676
177072.40503171744
514337.14003514184
98020.2846284924
183309.41209618328
136309.30242971194
196698.85410284594
165822.61262383993
317432.657599275
164862.84572802234
343276.9581271797
207799.03531944798
147285.23491492454
373667.25926147983
153191.23262800698
221567.06419595107
196467.52022397873
111263.31846111047
155364.05920578912
230869.0396704781
191540.28306362656
164379.48962654866
122668.79874605636
532670.4308888246
213353.39836427444
132765.02903189167
179153.0764897535
171877.60146336767
145711.87135018947
521629.2858391559
87733.0370187401
405580.74655354396
149539.31711466162
321550.6166114606
130375.9651579808
291689.53342939063
168515.67323715973
186740.48965849582
281742.70930025156
110223.35869101528
199233.18599605476
165273.02729342825
340917.9828228165
133390.93263787424
405810.3050549122
253835.45195958548
307165.9700144931
204341.3565723681
217442.88598713098
220920.88836165183
158452.0293055524
233174.22306831222
176419.04447711658
219177.29328088736
224046.81817433037
223841.95562771003
184586.8059537941
244381.2925985775
178030.77383151388
152522.5846465919
220700.84072160954
358307.6669774762
179144.70756200654
118391.66678741858
198488.56266667688
126790.73151797999
204225.8533323219
241593.60213319506
288278.80556525564
157443.73969209412
252380.26227614065
178381.52069870027
209345.42187999398
168251.73876357632
210416.152925863
172599.59470241982
160425.18809348712
224489.5505769296
211226.20917665414
303854.9520154044
251340.18261609226
206874.36550515934
247201.52070359196
526381.315069862
155613.24347402257
201143.34896174425
156398.05708302563
117868.44560504527
139102.9862030153
278655.23717427533
165386.61137427905
227583.77124865112
117049.85422595279
181853.09542353463
169287.01537183276
215845.84337600003
149169.68948366004
393473.2622513998
151877.00355047378
227473.29786010965
154717.76688402987
124968.89926370524
134159.10929048504
242319.62372305169
133472.15469328657
182677.70756590847
136545.22462827637
285559.8683218513
142561.68260196614
195129.2560334388
120989.00151412321
159237.51314245013
158833.2688780459
224619.70072317435
262435.6365396588
181733.75842576107
174601.72189564377
102129.99355333313
225311.79771818337
125904.07849766563
170416.6561693012
288383.4458547076
235860.68169575528
102651.14087695934
323864.8562931229
145089.81878759447
158080.40553582754
288991.3473397262
148716.46721403423
182296.799840806
150085.48842160264
247862.87408621865
252176.0162353695
224362.02748939517
142801.5332591572
87795.39184475846
473202.8239812255
182470.01058388184
146432.66345035215
298027.1919345431
320822.7422301726
185794.0338033994
186476.10425226745
147099.08045907042
165156.75102333882
206393.6912925947
220751.25847436962
180199.10596315074
177806.10720014473
187913.34606784422
457968.29789610754
255409.10834812847
157279.0119007461
170884.76682577882
114873.15784801214
206268.4487842435
186509.87716445958
152323.67402856707
127912.00164080162
119471.12319019102
269766.84985650436
166168.6815633983
303898.68928717263
240404.5056282271
182457.48080140568
188168.5861600578
197908.73085311466
292555.93269078655
145840.53578016572
355344.1779285987
332176.09848926554
198603.8066550138
328603.27048225293
116202.1138276533
196003.09948123008
69023.84013880198
149655.4104280128
247919.77086737627
348054.8929692436
298968.5531339167
483626.6030016695
161970.51362125593
143579.2857489177
109595.52457677336
188019.73775315186
471406.3297537376
174187.57306617947
159248.22743892213
370309.98764538
173775.08469195385
105504.43023273852
226198.9611598019
204595.03281718958
187592.85563767093
217948.91217921494
203922.41802841733
110104.3945588482
170818.58512792035
162274.63013451948
178163.2623565807
362179.6581235471
206092.64960002128
246674.51023524307
208528.10977738808
204469.39987842977
341474.2466219745
304338.19554378
208997.08502995558
218155.06096181535
244607.01386335594
398508.42355620663
142234.89481261585
350709.6507367816
111893.80165075275
299821.6005140074
137007.56423667853
183779.77083737386
179764.791453628
252478.80228273006
173006.63811387855
154770.267419983
372020.98688000545
305934.2451777665
254925.705012191
386239.3649495806
210887.42615019943
224365.23068446683
117034.76923738819
381989.474950569
198867.56062619225
353224.2483208168
331522.90191374964
266021.5909388506
179362.03479162502
252550.8321811484
209878.95578343156
149998.85769247945
232702.30517026433
284988.13099619973
155409.3274525774
157888.06452269477
128611.65433126883
245837.06189478346
160307.10960138653
140251.98421354283
152807.71931515017
214172.90121098576
233163.3332465156
184606.73534818846
234056.97695864513
192380.00970877323
399875.066469462
181806.8465751743
178174.82993305556
242684.1293951522
90378.63407294969
186653.75244523672
185352.45850010047
218543.52645344217
291229.2051936328
152391.18225935457
219450.34575725364
161353.35618273285
177232.76854979637
161562.26021104865
203679.8811079468
277602.5204915183
199237.51244006547
146042.29514828377
243047.3923327728
239445.83011790304
201981.07620387914
194626.59485545533
220416.8467065872
182292.67853396563
200837.59470933536
150976.4306376816
200903.21623786582
129911.35551638917
152025.51981029302
169343.76020400575
182572.89516438113
87528.68311452631
173899.50185420585
186276.4488813871
125669.4088931216
203058.08354750442
197984.36698074438
131461.43102317356
135174.69331064523
331721.73299657187
183412.64589019926
165223.5306801649
199139.22039559498
129920.07520660276
382282.2667959671
485836.6682168526
128717.34217773366
207249.7205109121
345462.696564593
173427.1916683073
189189.03237293568
235683.2938556341
168435.19716138128
158338.1900599959
183657.86427405107
197957.25877508172
180645.607888423
117834.81496462743
170656.1649384959
202677.52571536682
285202.8042884072
217274.09419325445
139032.24105842365
203985.4166893367
340609.1223369782
110485.59602779665
208767.2718971449
215532.47765484266
171456.59979192945
177432.13844731418
410294.0091914271
260925.42317111455
205339.78782980464
110255.18853122464
301350.44439387077
176429.73134155077
154627.38796395512
197002.00610942463
135168.59375522085
186920.50077817362
176288.7800749695
151723.87110854988
370633.84484847944
182502.16139791207
135933.41263895767
267490.71525269846
321174.75857234624
298888.4823011205
322710.5551514829
293089.41825432936
208603.8300823873
182247.00564387566
205073.1414514804
368785.4740777578
141707.69136534404
238396.95442688707
212024.64013014798
302736.694579931
178241.72119654098
254262.35788341766
175122.76468086097
236927.919437846
343009.706897976
206010.0156386586
156147.77993973048
125117.43443264482
282401.79482235457
448086.7969766132
434715.3142971651
178881.84929413797
255464.18887383016
121824.99785023811
194897.95932237705
266128.2762221997
145386.00013755512
178375.570151807
186282.05344022764
144614.22167173252
175749.46002424957
174656.94479113055
260513.13131457343
175641.43173003424
226430.87989329518
313361.32487378374
229324.1359122952
396288.5206610663
151955.69065812376
117014.85980873674
152338.22593726296
224948.83929081453
94633.94484583884
344430.1741650198
227149.88694050172
296092.95642345614
188065.5377288346
375759.6359908549
416511.5979617947
197633.74712258013
199722.27312481235
221902.33296501543
87562.5982922031
182451.52413318062
126875.6529251207
178659.97469458944
174828.96744925267
173281.44095097706
235669.77477240268
200520.46024230792
125828.74641661232
337655.49348698877
257350.7783611805
164860.55562788725
172682.47787064008
351643.69684452785
223175.0828840022
500632.2195302931
178102.411197858
247771.70032210997
110267.55749480601
271382.96019233606
202638.83637786112
400495.07743305
318380.7777877412
221953.19914220637
215566.6034015935
155529.8873950828
215490.74447792472
194511.46723877446
260192.31170480815
166329.25411886224
356721.56176456134
105810.85608770073
217131.11708190822
193392.35185465304
154859.96551649546
236396.20663088988
342702.5569288887
409934.84509477345
200841.24453141956
177659.52293226443
544574.4605989793
373576.077254353
140145.73284292003
129820.5130814983
299230.3007859989
120985.8770574923
120106.69757959046
171395.7181795759
144722.7110430792
128026.38967989227
270373.4462853787
254457.57286168193
242348.47561886418
171495.00918358707
177805.30983217948
208431.01076403857
198093.2373051837
153463.1941424724
475619.84368549334
218183.47689328645
167650.60087121086
172106.2127661786
167937.46001195448
174584.80487787144
209057.5759349807
218954.47829337456
280808.86756319256
257755.88924545026
180793.75194207852
238469.92653603348
374697.89421831846
179148.2122729715
183880.52364077623
150145.77866681083
170694.42358601003
178701.43265767975
142644.05570492803
260991.57502440488
168405.44712863286
324830.6829387629
138482.35925005248
142375.33416041548
147134.54662493744
120624.74886397338
178696.02612551398
129480.88748964635
445204.08182874584
154887.70787431957
247975.1641383092
150115.86086295865
543057.6231953951
134200.7918472785
112254.51171603407
174796.2235293814
228616.8622176094
194371.71891773897
445266.10104892944
236327.1439379699
318319.12658484007
494168.03774946864
218469.31114016837
228565.71312639545
209713.28861035645
178147.93092139118
208865.24349914925
190779.33712935
343078.93703105743
132144.87438358492
372478.28775884485
514028.9197189589
183953.8652589743
104179.90317437849
334866.5349347369
202373.60592835126
218173.25553332348
197733.90128011606
159981.06494834385
202174.0420998103
173745.58573125087
238093.83786953954
221023.2377303887
150555.0844254792
251044.28234224385
277230.69965253916
211138.7219725612
178168.18505354805
168540.5925322558
144346.74698426103
187303.17259360992
145415.19370548238
228834.8510559015
157500.00156868732
446089.4567238142
210291.55742232912
167468.94119693345
154269.5115746806
155760.47495502804
249898.8599216096
215242.48595426
206311.4212717735
230152.56463370757
134383.03536627046
115688.09717528457
190908.43150082201
209830.7769064329
325252.85305631266
164421.60735618777
69456.74025811923
220603.7694706968
177777.13380997034
125814.61714259651
344908.1050484032
171771.28829088106
141701.34312359095
187158.40673906286
134198.82090970807
351672.91157742817
264704.89866274304
213698.93720274064
246406.09761216724
199980.06215681616
206220.63388162787
195538.81591856308
197977.8064115899
180089.41124766678
103696.10930535352
153443.29873194775
250395.54941905133
174721.8447526287
196072.89536112995
255684.4252943218
323132.49833108194
217573.5984073556
402785.06586754916
105535.43940700036
215097.75370267546
152605.01442680118
191757.442710868
155188.64075392328
198350.84294852763
199352.62347033335
179870.6477431773
179820.77478141722
178604.1781462448
318537.2295396877
189005.31723236485
209658.98947195098
198858.86147340696
130237.69306019403
200861.79932572204
277273.9913773468
274493.4233864344
249176.47876080265
253199.1141045401
147811.50547692645
168461.20927907835
185364.96073034022
484884.0181162863
89226.99979856997
261236.28674343444
276999.0595039628
355395.7670441704
152222.27948997938
314728.92980133
333795.1624508832
167632.8040578658
260564.22368595703
210573.00523151466
178657.416648629
491532.8149985919
63646.77189104664
153185.77533808307
241172.0859322793
227298.95421369156
181647.85886791145
214213.27052169875
228793.33033428932
208670.0717501566
131161.03641973017
207830.57732532884
162299.05613610096
237096.5135750127
251315.7422799604
361551.2934079071
210342.14078446603
429369.1889241142
198690.68371768942
164837.2588409185
131071.91970355957
188239.3500441354
240892.59313107477
159202.7838427031
229002.68696358698
88083.54906873175
120325.89013978012
311220.50112015294
137358.70915402455
310693.5297694107
125720.90856876255
189379.93168292593
305272.3055753474
172867.0940510127
250646.58528494407
239307.2945807164
214698.31227178723
216205.15745870132
275586.36757556436
311797.3690211147
453114.96427368856
141399.05092259654
213295.17612141912
183469.7127193711
222383.5314606275
119431.03053735182
221291.35424558763
216351.13778653136
236220.88011136674
122155.54255610553
197035.06542068525
180210.3619595357
187833.56467393285
164147.96263382718
167188.89492792523
140670.78579926287
113320.86243486528
138360.20677704265
505664.12946916075
200498.75005203774
132748.2295484952
251288.3157862241
114884.58539172061
403370.19749297586
167356.26563153346
135161.9976839903
83668.32795199573
279670.44635578897
117068.359346799
146300.01902008383
339080.62963027274
469161.57095532946
171900.97809486542
189869.266238803
218969.4860376409
157797.67332784794
104944.07672477525
146828.43601081322
203706.54588803073
309533.6110210279
230304.08247996037
198134.33896806635
168192.71188547133
299050.6535528981
181644.76947085388
150629.64452311996
223289.80656079948
179703.40265889236
181256.2819347644
453058.7573662068
160983.23465050972
197847.04652006002
125266.40677582586
183749.31596544597
239291.48735095776
185714.78043474635
198152.8427826283
228659.47418781748
131619.9313670102
141442.0455579931
463062.53442157793
196963.66847524146
310559.27588536206
165742.83466477907
111789.08165836618
174196.27516580437
116885.07294732984
186019.71121192863
323583.3860847785
214436.71632266004
112801.15038599908
203363.67280708725
134957.3892404406
179563.12268539454
128967.25992177826
180953.4984225713
280327.8501100759
345019.89419769915
128020.50913179378
215246.0985415902
182405.85482052423
189876.6401265837
268110.2988450498
168839.45619685954
311595.0240445334
358976.4000932218
127739.66772205208
483113.5241945619
343916.25611096114
217608.89016232808
168252.13875470104
194263.3177141103
414438.9223411862
219292.04476346463
160882.50558603526
431071.5286518686
90422.48029453019
147937.5543542197
160885.45812120877
176688.1052542289
177404.1285461674
399244.17364513373
162972.26677872828
195332.638771108
162479.2284420373
289197.05618616444
234992.75824223255
226804.79965584772
214081.2985571405
170654.2390987132
210633.3192600143
504549.9621367908
176783.39211158134
174644.8358193459
194232.86496654278
159738.33483191725
225142.901161004
213665.0704814953
305635.5169916459
154511.31051036163
192386.10474597866
108007.99512935853
258402.21736571443
120696.67509913973
291865.3126473823
238451.85176878097
272186.7255769673
269118.1673853736
326227.1646382239
167075.76537745103
322943.5963607007
189057.11404744166
158458.56896743985
132515.53908994555
234543.76944820592
283970.9637494995
324047.5082946775
184846.69867198652
179097.84145457504
206622.67194368495
128388.1914646825
224665.88501285962
191053.33593924515
273020.63849660795
168244.63310170142
171126.03097549448
129938.03483285371
269828.05048691947
317039.6524989566
185886.9785869359
219985.17315735845
200809.02068345185
362343.52577013505
161905.2589309411
140693.366754159
198521.0525154002
397338.33747580304
176557.36927244274
136232.35084969402
183256.52828397503
109919.07596865002
130111.00224980219
303148.8420428019
156149.56779222988
188560.6730429603
162128.4041790213
200241.5818808857
109312.75644055006
183358.54225866357
134703.63498838467
286728.6461679429
330081.9401745775
219003.90592296314
271511.11519177165
209642.94388483436
169344.1006408273
227557.15943782715
177487.90075561032
155055.6862104698
133638.19847462402
126621.47330815282
195936.6556482885
167845.24315403285
394422.7295619842
308353.5859532894
178051.7172403271
120026.22532029652
338670.49544587213
159508.4747643341
124530.14229353797
176162.4769446374
206580.5526875505
230032.83600576865
254666.95588045366
232833.91373490263
148722.1037419096
189527.5056985048
301350.44439387077
230606.72470141752
278906.94539518934
209800.51509870644
200487.51295681912
151939.4849346539
301926.1608228892
216380.93541355175
253935.63174946
401720.42918891244
158508.11000816975
294640.98177765234
192316.72145571487
266501.2210811214
224872.18557074876
127921.87637725838
220047.41593956662
466118.8145506837
245042.6482249937
251469.71491223466
141566.56215535465
260735.05650598317
265110.7148849423
284704.77071218146
320802.38405311696
150215.48254767258
275103.5295269623
177425.51808740402
192276.66893598225
241676.71550138475
150292.5844870615
169530.60152910423
161580.174988786
156060.79888755523
127150.9521527017
197707.86151402848
175730.2230494589
176935.84213964938
330615.7430651383
166774.01510064187
167145.55929792635
199292.04960804255
218231.19080082653
417190.058567686
137727.35841851897
164260.69827102488
226745.648842014
180596.5114820701
199583.47625161224
137897.85280113545
281745.3005896953
270351.69835623546
320426.9891736185
175384.7661638094
256012.48134342517
203491.2634619975
228984.0988524409
190136.1435859613
203351.86457210424
168014.5490726783
89097.50991030202
72235.06355317606
343565.38305419276
194308.08732858312
195516.470595696
103319.62480185964
284614.1062389532
163195.46001654712
260562.11503881557
165877.24877651146
498249.98944736674
176904.68270196175
107914.27364949595
202932.89053719165
151034.5985725631
337051.44822864165
217938.5141484064
210829.14493289596
199068.2518594182
219196.10092982725
369266.45209679316
144808.56442258385
232400.35657778435
187447.9563284623
182277.9854635688
118576.95496609046
217405.9709365882
210329.56459501252
198954.72267406285
141307.1760495049
147707.75471942502
360716.7175261269
214464.4782658956
116149.56063480598
407228.1942965018
162202.9838730121
159948.40672925426
183904.68767708508
264488.3805779788
387737.5224497554
206257.39367795197
127833.20594927031
199173.09731558774
144187.17451861972
220570.56752174217
291660.28813853225
258081.83170660483
236475.9874014784
158928.18632657928
268095.1999507172
203225.3537014741
402792.66118420166
178450.3127905398
225395.92660382096
205268.215320746
87219.74515737282
128224.41016204027
164667.07985716723
194334.64244807427
178707.5327968123
301703.79201088694
256427.12920917134
216072.7062771116
450284.1535276024
208790.2694437004
196479.14810420125
224384.4096365388
328010.9914614235
217617.18073337633
129005.66148897537
169010.8016583948
167792.25624559465
173700.82301541872
194801.0521892737
157134.83482589468
204248.05730578792
172627.2701892249
266816.7301093481
179215.38986313218
223888.6356569015
254905.16663404033
283414.624851098
188420.4311795166
144411.0731227125
152506.1182409086
224393.91952070076
132171.91908317053
151730.62542503054
158365.87009961146
147574.48199090283
380383.53118893685
190032.4736000682
418793.3959849913
159557.11324216163
278738.43864471413
408348.19713292096
150978.6460846224
269082.3555731082
132311.1236518689
214544.74824102473
316789.16528381
166669.13709652977
297256.5589793372
377104.57613388274
195258.66786874612
106894.2655069866
165901.23537096163
88533.77993047089
162976.20523934445
252908.00684301494
361803.10433113505
166777.3532138354
232546.4603552167
176275.27661803522
102505.88167032626
233585.60567642777
324783.4607570125
100000.78617199577
254121.3017639001
184791.9732385869
175097.1107089347
175674.20794976474
196177.65311391116
200682.97348814382
205821.1281896248
207244.99514477357
179958.27837655687
289299.4876672951
173422.25522941872
265013.85735071765
316592.09735564154
207664.11322893697
281122.33876013674
143351.55612035881
179279.3371909386
224303.86901759898
112936.47108470753
122075.41397173508
219769.93652249948
193561.0991734185
306614.99536326306
176982.9003264422
376561.6397468615
237791.5601280726
163477.0851377058
292333.9533267242
210997.29998252867
222059.85767009837
186816.67987826798
237641.10630535008
326071.329379039
293038.9682474982
171154.50926613307
187138.06811558414
189132.15614207368
164848.70474015197
176680.33109968723
180490.01221624462
202080.94291338613
229163.42220989027
113286.28288666988
188423.33204033083
339984.79342548794
251649.18320199632
132801.96636002554
193854.40580617698
202756.14588806237
104720.58507777304
169504.2444752092
267324.0325966031
190573.98050263006
136187.8752040981
212484.51326191277
278963.7159899595
185639.08117935338
406497.2745093343
145296.3937937298
175571.4180723435
194906.27842450686
205588.5706163149
273555.8033105362
222098.95231145102
407245.89770361554
211489.26080578435
180251.83679978253
272271.90992817876
453608.86477447825
251479.55673903477
181070.89420018045
146419.58974337069
184406.95658133304
185064.58484582728
229798.06605553077
169672.682164657
136923.65253597172
164626.8100575583
177108.8836763574
253317.40010615665
393751.9051471077
190623.34444207116
371638.593348423
284904.0101458871
218259.8431805768
161766.57405584457
212148.25936725602
134179.43503095472
499774.70471608406
206326.88146286018
339255.38393969333
193830.90460695652
296325.09423986205
425304.9520883998
124425.98252181578
113575.65148356129
166392.893663813
300605.03057173715
164611.32865626272
104179.90317437849
131716.41331666356
159775.76401561854
201891.00056890943
143419.05993828876
307882.4783696435
263192.6809692922
216021.44277971014
202626.5051186359
178730.3242437169
176641.12358074295
375099.4693091921
166874.33548860782
193655.98981646964
212493.82812209078
200605.57400225857
191710.93098217706
205256.20028799257
225172.79651519324
171502.34938153718
200762.2223375276
178616.9788389144
462932.48836266267
151937.64289296855
406082.3466014053
259248.26089809492
189911.96734837347
168536.37100140666
164315.67494272362
301648.6977968924
232519.97519390128
284382.28236750467
258969.68070480524
315903.5679446673
366395.6586026967
142650.4212164507
222127.19482053383
174403.1145129689
185768.13600144137
550413.5800603131
165691.65588688984
196691.9242410257
343569.31787592825
290157.8733438794
235817.96631320502
121329.02791239174
176530.4073937445
163774.68975661264
138067.80446470296
265075.0935919405
305287.0817987119
178280.83298349756
255480.4841876927
187984.2780026074
177972.20731496895
172275.92305948792
127013.15693577984
168161.47258106148
148723.48267158295
260679.1975134913
163774.90127857355
198390.47203533136
189607.0160504887
213987.8855830805
309935.36870745267
158871.77098249146
200564.09496597017
139228.83076718362
126403.29207875219
270245.2961784239
223148.600958974
83079.46041879164
382640.47332430544
233498.8108236584
300391.71173259587
120460.94990956155
310888.60299333924
182777.42281320383
159554.07418078106
195582.9697398494
298753.2602557487
168842.58217968824
269994.8545804747
393655.2758076769
207336.92792186706
214054.85470573982
131545.66269814357
216260.08238213765
207954.32980137516
267281.09949969326
189593.02822731758
163383.91783469866
176417.51499886744
225048.11495828343
161172.6578443988
208262.75595455075
181473.58745911912
181346.62073993086
202263.72538813678
146612.4568439447
219046.73664503958
212313.55710984548
177528.95783412753
193845.84209364938
174204.53674365042
359485.96080801816
316812.8802817236
187267.6151141566
236938.32124020444
124747.65543861358
210977.29661636133
210821.4497440095
165816.36236246026
335385.31091217033
133189.73335895705
126458.73466836328
213273.6805522988
249324.45017822162
157439.68120549078
180819.77805773052
460470.1228105176
181081.30000772697
242928.54838606264
274893.7471225294
265686.98216238664
68904.6128250329
245578.01198567293
312934.15601688507
207218.32278787854
285086.42400456767
275727.7049703081
358317.2858953834
166272.9792770925
182014.297079634
114934.49937697212
193912.3850807217
208293.53331953412
209841.51915821462
129837.46378197467
171131.15897644803
210965.07939042035
203763.19316316716
237755.01464129906
234363.08953859605
176164.33794033126
175730.2230494589
166019.99335163695
202100.0422049823
161402.69585046632
218683.16373623032
255585.92096495238
404051.82810460404
403733.5450545298
282213.06261906866
65077.57318945498
362621.1625055948
176572.26364306768
212668.4734599979
178216.43961316452
132280.4751982554
176580.52477835675
122474.62704716192
85912.000044307
387307.37056448974
133892.52292166726
337441.86326772504
184194.68440962443
207487.3577444283
114646.104062464
297363.8559631804
170586.72069635295
306956.1333131235
201380.62582289462
210094.05191249988
160064.38403212145
222564.43829687196
272257.9601736067
194477.25111861137
167994.2025112041
218652.9985603067
115454.85575656423
501387.5487797103
93142.5303286869
412967.42856206006
239519.30593517594
144194.87446687126
212622.79759261775
247030.26586438337
344901.6188516643
287011.7636219194
190930.5576114118
228469.2576586138
186102.19620655818
148841.7610955533
178534.55084704547
131218.2776419542
220727.5338904208
200433.90721166748
180486.5656598842
218080.69392203697
468655.03089310427
227369.38509054435
121887.7405885815
179789.73913748167
204754.59419697174
281957.04907387326
173692.78405099807
209809.96100013764
368696.17868717224
201614.85245971312
241223.073542942
207456.37176613678
304843.06804527575
158634.34967701902
314451.2942742422
113217.17208819906
168937.15395300873
244118.06160495983
206422.35186479863
197429.3732271104
146605.74501733066
273092.86529567535
311614.69503274455
183963.89966255397
285036.1056032692
88720.61081491338
327011.2106867139
147810.65368988225
148975.81289706062
261194.78236802522
174618.30827874644
221278.41213671962
253773.28376610586
243749.23519958957
184725.45024023147
268599.6606917683
210208.58711990784
273939.7119857609
269513.62450763176
184492.9090232522
187462.22566100606
284886.8441787296
205442.3556519251
166763.19648093946
207358.71348064736
306638.08861258544
132319.99782228033
268692.1904607156
283038.95027230267
239785.5673161258
141711.32983978832
187819.1832077602
186100.49310425954
208610.391826166
159749.7452150027
134866.39163899852
309707.9182368462
134360.85203796503
151947.6278398227
322230.56174163765
182070.79071360582
188861.8051931669
368083.94292058033
287183.53373705014
174123.63758411555
197171.9211988677
228661.10897769214
158307.7099488546
176704.2800584201
204817.43819019257
173441.9772339583
182134.72111207212
197012.6060342236
154824.6672036708
377359.2900009897
121951.6059576479
210883.15555393588
86657.22183285431
167662.57585676847
178637.59671937398
271463.8738653362
97390.01901736177
232797.7935121051
131637.60913562297
187008.73904322195
274609.39245679195
183524.0783422131
470624.0377494775
259455.27762374104
117740.38633694356
228976.1996699173
146669.05971953846
272682.5815575571
173733.8063856338
172087.08560820663
213010.36668383548
189974.11862665677
133946.42954486562
393238.03637228074
143710.6623584874
384172.3837336154
179571.32379537745
225849.56203103258
147938.74867980386
207156.72349360108
145215.12482826892
161973.11384098185
80306.85165560157
452925.26999216434
224143.8789345057
196458.5432886716
133272.4158105086
187297.53625000792
221450.96196980245
184621.65496268735
204029.11085228762
189965.2964258508
357469.54004216363
366814.1995861101
145391.79108704746
279953.59776803484
162810.29693594185
230110.42865298069
180843.05673946548
140502.45811858782
224330.15819689268
175084.95120340772
266157.81031065964
142521.38890807336
209649.47427508427
70572.51018965046
254603.84504551417
166221.64022848234
187333.50982156
330911.02419888164
120268.92528298264
198619.90680978855
221818.48295603134
418155.4130342355
235474.77834604873
138109.1076605805
214070.81957627513
244255.65609801683
210443.03499766695
185047.0147629167
190833.25502460028
252799.9792506687
266660.6374751447
453437.2827853225
125734.76519057974
279306.55289891106
199922.7839459051
241791.09870840804
128759.85626460786
144617.58180432167
184308.24493249023
165971.77234183246
98360.07134415544
263300.3444862059
270991.1225505044
212615.70698664337
486946.21958878415
147500.84659573488
215883.4983998312
201357.04865960823
244830.37668296052
243816.37066822863
358411.7543481047
168494.5865397023
188710.79211632814
180587.7854160185
192023.35969203105
107083.80498325809
188456.5238921133
388494.0516795345
106949.85477386197
183607.84887858745
217761.37859708336
73109.58915336522
321300.6997574746
209900.15680181686
231628.11087665288
215469.9680710603
161102.40393223465
145461.4646274618
165897.98114721692
320225.1885030382
156582.13724401436
229567.09705064833
238498.16341811753
307731.2914661035
207892.44186850433
201701.27344836108
152281.8770498462
159363.3468367813
166416.82560615605
145363.98662664933
178837.71197796377
201244.670701193
207355.83003604715
286456.8098394788
247218.47087221904
142174.0104741677
296757.35651467973
92885.32430624068
140624.71944446446
233903.39187167078
104853.05036541165
217309.60519617138
355737.9814649227
159130.8274294182
266242.25892802246
328599.8282357707
310512.87335330143
180817.57609698814
176817.28480957283
393065.1136978459
165207.17515446764
235877.97265379093
190605.15084069376
205947.8705168798
172881.1202962758
186338.32678623978
282483.3751835472
158019.59797000603
191331.5517165179
181086.39778976966
301261.6631394582
225873.21986077414
464254.54303731147
161431.31528249182
312032.92426775926
332418.8025330352
289262.9660772752
378633.8023215968
339230.46506869537
240141.77405033787
241015.6966114319
192014.31290848384
130107.04207216573
210718.71041919192
186551.59488908335
215403.83807464648
245597.66029102332
212264.2000782097
274200.23240196845
194475.57787651918
137987.17903429773
240328.59304711447
115092.85316470375
146822.69269383373
211001.49471174614
178033.22724279398
227042.04531792187
142130.74331226735
88305.65045252134
388369.3083200209
135153.93804817676
235278.43781919108
337253.976022867
243132.75068172804
220675.20216914327
591298.6988289005
156280.7306765546
324976.5928280161
146814.24914985622
212527.16297875374
166072.19919731654
275924.8930526155
343686.6861517071
225491.89541573776
168485.7554799301
148576.9606724498
181612.87961818711
213589.27312480248
213736.16078941626
225518.87398557173
221192.7487710571
122418.94671313977
264059.3578932654
203244.37749193684
119601.59535345659
181462.5449589056
151548.90404769295
363912.58739080734
180046.5189277272
182192.17380445573
289600.7409491908
256968.0124065638
217069.5225428994
207939.69003795422
151503.44001569628
171755.77241176803
188270.19824541605
177103.27494298655
190960.00647232434
183700.39799472044
197198.46382101683
151144.6788525356
355930.99025544565
187685.9520806588
281444.4954139745
139460.96432360332
159570.18886728483
311972.81335507217
111634.5348186485
178680.3237482917
189590.98209893538
248902.8666832069
164205.1654199884
148560.154849399
179354.97947683948
169333.54090944008
226504.54265717565
211827.89359306422
219771.9852739092
250378.4434838378
126363.97203650356
331293.0477451276
189015.2282934288
478765.7165510957
216108.14944996397
232269.25526699386
142955.915037402
203502.898734033
323499.2226126121
167252.26296656558
165393.10194725276
335652.6352640346
159170.21519787353
262789.51475733647
179095.34759112512
300507.41971437377
294089.34420864785
148821.14674792346
164718.15443262458
173143.1222040462
264422.2598391105
200457.50166551056
215157.09661002728
183627.59327273333
185884.54387738838
179176.17925908955
164664.9517890571
270379.10783466126
398221.11476922
286655.8454693668
107267.8081889783
207228.6209064413
243353.71028803295
305567.05573783617
263454.33919881994
201779.17197419365
158238.81347069322
74470.74141663671
176427.11644510634
245784.41090584508
323081.27652773395
457687.25169900677
137200.50986406865
158937.0080432929
191842.5533130648
197771.661556334
338179.25769382867
251090.2855641428
159405.84559684826
195132.16361583033
199117.9751277012
149770.25026866532
193595.15897119412
148507.7089838183
155920.70661699367
225214.51676565447
229774.31823084093
270998.7112335764
128050.67580243135
121879.92463312569
320521.77113282017
205162.68291935543
125187.50791680529
215544.5266412808
183637.90052142952
215620.48335138476
227147.593175337
236166.81818776968
188579.30037332003
103430.32364951613
191538.59456638154
180356.75150583283
212107.73209397699
213870.7224607796
168031.01171009027
201703.611379553
323896.84245263657
254376.75611799033
212675.51754999795
210323.5676016539
179771.19783611345
254743.3730632888
218955.30927723166
174098.11462134385
480650.4393065503
173347.58038503604
317375.960878744
186135.5711782422
254281.61627133586
197665.7423200468
256817.8370741404
130925.0670799332
420918.81416283315
166481.1716652445
174350.84120008032
113494.27242681636
207028.2600801505
189616.07112416718
122000.71645796995
209205.39076069844
147604.450371894
167356.3288889589
368772.3729563503
162282.50965557378
179520.6332858876
201721.42638564022
374785.15106554114
259814.70568177878
170119.79506743452
161479.1152269041
188439.72352088668
171929.14441839032
357493.9904215528
305175.0064083245
338110.0863595886
377249.80816615367
403732.10781942646
180487.85274150968
158718.55751173917
138670.58083470206
163201.8353151499
237459.2425600374
398845.36547104915
275184.1078569781
235003.2260911893
349585.1551637434
317903.59825071314
197396.5077252191
339454.14077151153
320822.21476792026
129177.24299691725
182515.4793468042
104770.66568051299
260045.66764164297
369820.7724470404
350582.4350407553
237600.44003350506
185423.1129707768
193526.4467099399
275350.3379315894
222584.98452414953
186188.08123353875
273747.8559943922
222989.39363110732
217429.4614818357
175660.58649835963
380273.9267881534
189419.2825701125
225729.48693221348
198858.42935511473
211600.5045518545
187060.73140034213
194864.55421942682
377356.41018157394
111847.13393585337
175617.77329493774
172694.7016823645
162321.07634455478
339050.6317107424
323096.90228753746
216541.52559469207
135752.06603355103
166484.56841171283
140447.59452780487
183651.04752566255
112289.21031303913
190442.11498128276
223392.19166867543
150173.781594583
164995.2481368523
240731.2865288697
132158.84692448872
389863.7437459403
144546.41245344322
114450.44892504955
242766.74311671086
237245.15117792654
130356.92994867102
146181.58363784553
186799.57621462553
455199.24389406
160154.54171099572
252805.31719420757
119133.04456148692
221391.99792481324
193304.11828693683
208800.4918055588
101877.62825567617
140334.11751337833
174907.24768063484
125080.13382562152
199965.58483061226
178391.7635804887
337778.5408100566
103384.92215971234
387420.8661430411
144720.58709100223
199380.12400986426
332210.7453135338
318201.41768001847
265705.1505875321
252586.9807589256
140993.92415075382
85150.40787473107
152501.8765190611
153302.3762685634
168458.66660271626
151965.49220932933
139195.3173400935
161082.81732472117
180945.45988588687
218203.07747352743
231000.08975147264
230336.9233213702
124671.07651633408
276497.51776666514
186335.53409757823
177149.84973809065
261664.42034789422
345622.19521408365
170843.3999693574
248937.03320814497
198104.2881510588
322084.16034608404
336448.80710129614
144769.9716372108
175618.4737641203
241055.1260266414
355657.1650947265
182624.0854772845
370001.03601986356
209988.20554728512
183126.40237554503
321611.4525872315
172378.96663899047
184065.66167900985
312259.211661111
213167.90923028727
170339.8056730089
198223.23343979524
199909.67718577938
124115.83987335744
199790.7367951506
99367.9152982534
160340.71965699145
208973.78718961944
151136.79077002808
165934.35438060222
398726.1365590364
188752.05777766753
162738.21229486
128891.79603226436
151150.58868069184
209511.97278430263
150892.70926146102
122040.38654331423
213507.16535668395
159417.85537788083
175377.309936615
74093.2353868859
330268.94274765655
418939.04640490876
213994.37214200143
244570.4521045518
162499.3051690851
146848.3059306744
186351.46130096936
456895.24859935895
234367.61113156698
184541.48729437607
171046.03124587296
134056.13653361352
156662.7335911552
162180.35765580687
134480.58593637793
142624.0486414039
181753.20543518398
231089.00140018054
211002.5978894346
155806.45911706527
137190.9766914423
192791.30302928816
231460.72022004463
173817.2865523436
253213.55643796068
207669.80320291847
135938.51215733791
133225.96492525848
126881.7634146432
116116.22149670238
225463.24544971358
236238.09661373417
184565.27110468567
136722.34205529612
184678.60255729727
148763.46381757734
179561.47864872753
169786.82484362644
248719.62637216155
224446.46345835173
322729.0548063024
347165.82947599737
152258.24834731576
171654.49227299352
250774.49860225042
174912.74076954758
169297.5053477047
194557.46580798627
196518.9036785196
178291.95167612922
115885.975897998
195931.06730002494
176313.50715998435
154849.117782134
90584.78734668766
189375.91789458544
420679.8279166344
206080.72380329604
158959.2794336888
272606.0811444815
191569.30382977755
178260.38314516496
106173.12649004508
128732.01101120483
264464.1102261456
414784.1127694939
108295.5912097309
207676.42394620006
166667.65747981097
306426.78768718615
183023.49916737986
302567.7482960589
228914.7713028753
155200.70246570962
176506.91063720747
161087.3986229457
124656.03741859447
311134.66896758846
197558.40709740814
200005.6909465567
180648.42095575994
143442.87040656587
270428.034187257
162066.76152578145
263009.7998812095
185098.33219573638
151584.29388775653
127884.40664923591
167876.38225748087
148613.7723192594
187757.81741705802
202392.19278486414
212047.03784947042
330975.6375451161
214276.5714245026
279091.4606888201
301095.2163598266
201355.6231420416
168224.79552539275
167577.6433255706
172426.32784687527
264274.378977955
158111.8067499583
241520.73162480476
284033.9484200814
258079.19215000438
263494.07679121196
165027.39127281652
200492.65815904023
152523.02904493755
191151.5474095053
127790.23429399845
320568.42541215033
177505.38785960796
337499.2010462206
347243.70389022806
203214.32634605828
310206.2833774015
245233.6578125619
237824.25973250988
164154.4437692735
213111.2135611646
100790.19203744686
178107.83178951245
360003.1191714596
142131.72298442532
240526.7625520214
337524.9424237216
150545.60672788025
69415.50789321218
253713.66503290873
136548.82138069734
156901.31914094446
167281.42687536968
333314.9376834264
200915.7977382102
220612.10611058646
181977.12431987468
215111.08977304195
407973.9502485615
192761.00686184212
247869.63526852935
274248.1728057964
262149.34623028536
177258.60245553387
127676.34828302372
129935.26200839477
256800.44691289184
405943.532731239
208678.1526479907
204269.38832889576
324818.72719484376
463000.38501229056
415137.734687588
171922.32834529065
282295.6846136882
222734.9378965223
221117.0921310471
179277.97675895778
170709.70379429628
377002.27873105806
152744.8822813806
493730.90723249194
289508.1734114978
410385.15726086724
170295.250928381
225799.08561331005
216806.35386121887
281701.8690430676
179289.47636269833
186982.01820982993
156515.4562413294
127209.21556826154
176740.6067347095
143072.51289478122
312547.04660311603
387405.5447917228
164099.85470350305
237880.1757718369
103118.90137632549
132454.64668224187
137134.4646370078
118891.0824983208
172608.6770155367
182339.238766023
243516.50937312446
251404.09512315877
170020.15909338178
384995.18605472334
224815.143186198
158849.93297665566
241783.03173022196
178713.56403944426
169415.65513392392
284080.31665260997
230334.1273512849
180452.28295069764
204300.06316636986
358242.76756598393
179952.10598396097
199062.46971340716
222656.44528495622
164019.02250804153
181195.9458892629
134453.08291722945
149061.23185838276
186695.19054147607
175941.59278930526
141079.43788823264
214726.63019542332
185653.29300832655
187750.24303808148
256548.61888602568
131841.92127200335
380946.4079234012
188738.67534921353
168306.8555218213
129913.9824294874
208916.88554998333
188105.66538689623
191440.33209738473
188081.03681752778
145374.62471782212
243018.2648162446
171275.25081730197
316650.51327570307
174313.5897946375
307858.05225544714
201829.95107562002
272300.0660580144
110538.66482430664
206822.37790823512
187329.47101386415
169183.35965201366
277060.7603214912
210652.16352044223
262200.9895468486
232795.3910212214
116759.23827189268
223876.42187911243
207241.63426588668
83960.2671050678
337915.01688138174
172529.927367438
273469.80818791885
217932.06201303843
149584.24911702046
170053.72936101197
166278.23312799394
190155.6269237194
151538.27416270168
153584.87442081986
233975.80860891246
284201.9268008311
426968.0358449149
414172.3610725581
268861.830270239
201314.49430041673
196727.83609903365
324421.3070121887
299383.2406459818
286996.92304398026
205014.60030078827
156812.03513361517
317564.7996154792
166581.88541733118
144539.29274633148
200154.508091253
239793.30917207204
220211.91346776043
175837.95586080686
257082.48725346988
336100.7074384385
104497.31155994185
101601.07338567999
173901.4448264454
212622.57738113077
179552.15029487442
190070.12825285477
166951.56635236737
157177.319926175
184259.3818166399
199594.85361497238
214926.79919295842
201648.56812906676
328257.43091044785
99112.91150104409
200673.33343763798
295992.8375974968
140456.30886845343
68230.9086083036
229120.89115299302
121168.381125757
240456.91083776864
139161.72560674226
223677.2354845375
232800.29146857225
114962.03865092869
165716.15619107574
208053.10271851832
268804.0111972062
86342.05120071801
168229.27487875152
205239.94187874228
186007.54529610247
148487.64931536908
209962.3676657897
146718.36048068642
188177.97462047642
157461.4449359309
316380.1818242277
425349.9943457494
376743.97509385314
232973.41574672074
98604.91735346008
170393.3639812334
338089.79106394754
219877.42690543534
211079.48412825936
143042.10142865908
185050.9041568018
208259.21645896178
291638.9354642143
133985.48896411015
265806.04972215847
189358.24796708903
121787.89995021862
183459.6801719684
224930.07304216904
164653.57378254598
384841.52440194756
168086.01267192006
205626.4134209686
442000.82723460055
489994.4182164405
349638.2281031143
170923.88606385086
269674.3317737049
280608.08677056956
132628.20117963784
356399.18408918084
182448.9207791412
248003.95080661215
67683.55359231771
181439.34775448486
183443.7333419871
293377.524408178
130672.26835802446
184245.8605679009
224129.55541001345
188036.44170563458
196162.2965001079
363335.7613608093
145514.3628242028
199821.4361600861
374127.77766854037
129308.73803167527
404141.2384304884
218409.99813732557
174047.3136280662
128138.32359739373
158712.24957205507
187886.29441850653
118607.21018522368
122702.3814509196
456665.33505995816
282074.8380102423
145087.59305679597
427573.044279839
168917.02455602205
221620.37198801353
141089.66921041682
219032.70615608903
201281.57769244452
144460.4448194331
360992.3416973675
251295.27964855995
247443.77117202207
210194.712863655
146289.75463438462
199404.80825897385
262064.78108767298
215403.83807464648
346568.01956060965
165279.72760553125
292444.4311722744
462151.5155611589
211466.3683987765
285073.29169651197
179768.76504527614
176033.55264790496
165038.68608847866
171953.06129208946
170782.6641750005
269653.059269731
159823.59426215422
118549.70223600892
179196.76178202205
375408.1980040668
152333.8882391635
233195.91220847116
160104.74576995574
133818.81833654194
355239.8145153916
220456.6968457982
165871.70631001523
288311.58013446035
180566.92680214535
280844.11680275254
197991.00184281304
201564.45551640767
161002.45845563355
147128.90084874866
161863.07435495435
160548.22914366558
132214.35785085955
181261.78789947074
272427.38821743906
217774.46551528526
161737.1745734496
205111.14255702874
210442.5409267027
191394.0477971406
213697.21360926228
296727.578812224
204860.218513578
419651.6425680051
196047.84860438335
196591.20595056852
324557.7446739008
408796.565272781
185147.97499593493
259961.13033282623
270665.7532208133
208268.94473776553
256178.85186045998
220838.83617727965
244209.48989066662
206242.77633923874
186776.22724682928
468119.82041659765
204097.58055765388
210158.95667082485
192704.71019408765
322583.27224456286
206105.18614300614
214955.37211189017
178737.46313916214
209024.07479106323
420225.3778726819
347996.68828126555
487295.681364461
360449.4154233438
235428.34456940606
308719.2823387189
202648.73600645963
130295.69114815525
182872.8972815431
160140.6782517118
154903.3783906849
357470.5106881518
157385.54568663632
140973.15545238726
219889.6836342081
81591.43007007662
130306.36734254351
172044.479670708
114341.08342211143
161466.09351983742
176137.54019274755
168685.31300449686
149745.70740099042
123367.26321542733
417998.2848922501
228959.99122333326
149241.94686455023
203194.35159052402
190205.47831219697
166526.87090609953
206207.07866257514
176600.71596344974
209899.27476466616
344278.5131136517
208156.48070163192
186880.1193300051
146752.55093762602
176937.23493168407
183986.13367734235
260555.15681969514
192876.22792483945
468005.06091614347
236480.88680653408
207083.64456809586
112413.0910078338
158215.23365392318
218417.682131319
279910.248786658
147836.92974227783
211106.69430121826
184267.80565251634
130066.20683789355
213356.91681236922
183678.8709952457
111617.05084159241
241923.4656887026
203521.54872402223
180908.41843608773
278525.1006693909
187614.21105047074
146660.6409559266
163307.23111061443
156758.23182496344
215000.70009641995
145136.6786900248
231179.99022402713
143494.97611543754
379160.86510752933
333914.3144388647
162465.61308001648
228944.32193634743
206786.5327855085
356362.1845291409
189419.49507338938
161823.6932032702
245395.75829668748
324068.90653513634
457523.1384215083
88022.63217224498
410787.04138155206
259577.80507953628
243270.85621719825
351157.8389613251
303665.57751263643
215449.81192299683
241444.7018222658
307285.96080087224
188822.61814055507
284174.04042297124
194274.4437430095
210581.2398882673
247366.67103057975
298788.41984986956
116181.8122474214
280619.2724677023
478080.05720665597
116777.3836353718
193444.7102124141
178981.21843214962
270144.9793920487
173478.84354459797
224451.4644853854
89369.63487709078
157061.20316854134
126298.3104707946
153784.28620718385
430075.953703731
157028.8189869681
307634.20237600827
339168.7139175389
190339.24535210693
221047.2496305618
132842.37891539183
183286.2901392426
246450.3242890685
239820.1029401375
143652.63127684995
191735.87152151336
213895.08632817987
228308.8965303016
115739.92205221529
195535.946380336
207062.40929694264
335374.11036589334
188946.9911974917
105070.57980440583
240941.78499867348
167229.89906376778
176802.293847679
251835.52766767802
105682.14289382414
68495.89600373876
168782.82540111075
183326.87839080166
129419.77681298256
335473.9146700681
223267.20054268706
226295.70671998127
429208.6549837426
209986.4384486735
219864.07756012253
221108.09910468693
238442.43807318565
125676.81463054099
202116.27898007713
330640.56244284764
287615.9698156348
437990.9469389599
183554.29523870576
337979.91206480854
115169.49507279872
508423.0073854729
230580.8804833462
253089.5072462074
224407.48700247006
276404.87705404504
182598.61240378034
227382.66462306626
128311.2521083076
182089.92063816442
422417.9712541936
204727.54319121534
166907.98381633757
192716.1153192518
313822.7641992711
336951.2518642835
211030.9325136155
220571.1425470124
181910.0753329469
155633.89393064688
241379.31419706298
168466.23666082622
170209.5675316518
248937.79622870445
143697.78416489813
131669.4157703024
225691.52173850388
214351.79276223155
139183.5964487521
113564.20223376546
128417.07182752152
176564.38879392704
229289.49399765005
127811.0369960787
130703.15665086405
156566.05991207872
164248.71347353983
193325.45925868256
113252.79977050738
194407.61541315395
200499.82191673596
206012.02197908802
256380.42256544653
187619.7841339175
179144.11476281338
205241.68891653922
238087.18079953658
205801.89576199395
87637.75776019972
129274.9364829406
145740.0557683007
299792.25959891063
178029.49330088118
212479.71433753148
500883.49265132035
157015.7419762417
158645.26266761427
184214.66066358547
240852.19918827183
136974.66402730238
184242.06741751594
137390.17453299195
163340.7342923344
285091.1334524691
218408.1795497574
207455.27783471544
235781.54051880786
265721.090615035
286730.23193091
173392.96688907332
190529.42725246437
161991.52706656797
282731.94141652
146796.43431091076
414296.9407869021
139086.7044974942
239704.2921779664
216255.65037809624
168695.945348888
187970.4585975657
156162.4002148384
173634.0260885955
348906.14050502307
233231.43132954946
214237.66927343095
143357.73286240012
203878.2741456446
332822.6934820899
150912.67857092194
166719.17247447436
241407.95712801092
189522.99099466891
229768.3304775389
262123.44963210486
168432.7933064247
187256.29030561165
192486.0977988374
272026.6111670686
131335.4197636263
140712.95690535492
274212.8636343064
261624.04355795254
142651.84896882423
196072.66199737004
224401.07368114713
175095.68765839265
331220.2773109496
96536.55791218065
175348.60086838537
248362.3352472737
290418.0275300326
210223.71058121245
391235.7765411228
284207.9014474161
138037.02237036283
306262.8494410959
142875.74881497334
207568.96529121476
228127.66596299148
289336.29254427657
153258.68525512796
131434.1637149319
283471.6011867878
110115.62169174501
329948.1228246584
227471.95852913958
306478.95110273274
195994.8537176791
191488.66449339126
242039.16432999758
169790.47263871267
154211.01760490364
338960.7707052784
216764.13116341308
214173.15958963195
169195.48671428816
213522.9249211336
214464.70005383375
142220.77233338307
158522.86489727822
124923.31202178258
120404.86585138424
175874.53454974532
256476.1141271858
170252.27816257163
163687.08618858198
223443.6085377201
328541.2354514939
181930.76017582443
153513.5682108351
343588.9685353165
183612.25110523208
108536.73201816464
182107.55782103218
166451.84673933338
341800.6093797955
206925.3765467294
209405.74083123798
157568.64357470203
185673.67869776307
180899.36327417052
392876.91698522936
181384.16676817567
179275.1145939406
462154.0630999745
178348.97541025924
184777.56651483726
461868.3205092903
313911.6770914124
200984.48918275983
193948.37387254872
131038.85138923486
194697.38691234277
172232.56247525365
157318.04115596123
106939.28032657295
185886.33749125825
264376.1812583167
188375.11522092647
165248.01015623717
207482.0742807481
119586.62394751061
227220.22569905123
177430.71791033415
423698.60957969475
237130.03156258538
117138.55021335658
297029.3723143336
458281.5834516828
208134.03207914333
147353.22479154746
147528.10325116082
164311.41625934705
190127.1073674658
319644.91513553186
164725.72069953132
441185.3312388356
182287.34240087066
387432.7022256515
425960.9992830061
77891.48701196873
164710.63244499284
140397.0084714527
150642.44593740345
293790.0033802043
111329.41104510022
100382.21605915794
156697.4689892729
146961.89679653294
228307.06890156865
197073.36858827563
215438.8486745723
114150.71481312622
159219.28850588546
325495.90205085743
176392.85636503584
275954.09376000904
175628.50754122614
204838.6770517062
181321.16074746614
348113.8158880706
220327.79944163427
202644.49844142902
96935.24099988972
365371.2246758836
429023.943895692
241951.23607938582
241305.60911988653
280740.20214481297
518954.57364980894
178314.62932264854
314677.3884153995
256050.6382361198
275899.0488192908
174128.4831020949
119854.53703240652
235955.2721376877
253731.73274849285
213861.29551647007
174228.9836874364
177035.5398557235
210850.5766797481
154376.89343280537
186297.83379287046
310796.84994557843
297189.0542984495
202948.4815007623
380979.9402031334
198130.53295081243
145720.10660053173
246349.8284211625
303857.06705577235
238820.9419617656
425092.13401496207
131538.91048001422
142380.8211666313
172701.62507796747
122050.63822191281
130628.40043570411
318999.01271697425
122816.40376141116
201836.31688753856
135988.13223130256
348570.96544078586
270336.1727093274
134387.160097351
272251.82208048104
226188.91059459274
371117.8139424102
215556.1787132171
155779.63138614257
154473.29911139692
377781.9360243898
160927.3621559599
130142.97908221881
153461.96894475687
131046.90012732349
321266.8546210107
251049.70520063667
201954.52613128658
132366.5886837568
152403.68245554253
102249.53967921635
125714.86886918382
317548.5021121247
164811.0044377917
288876.26538176084
324968.635967824
131213.32795364183
181905.6936065159
320976.6651258265
175329.80604503525
224386.11429737328
198033.48384337424
174858.64987597856
241598.38875267873
144201.36014625937
185746.02969961072
242497.01084218608
282741.6611436384
328458.1091151138
112002.45846876693
268693.8589723114
205873.34204790337
136354.69876673855
163509.20870826874
186152.56732407247
85174.40342630596
211938.56316242722
176641.24966177702
447313.8762187208
194915.31727698952
164521.70088987213
266319.43801398453
206909.26542880226
204478.35466985137
384681.10457876336
179018.51068780076
160636.90287076886
251560.85400569532
331458.0752582538
157595.1619589308
177347.5924123404
219209.16210831382
151967.91868732267
271756.02793494693
117854.19671672846
451610.1265289249
198958.26571779518
198759.02769393584
79036.45346765647
166054.23150586832
129494.4478655622
243497.44403800424
141681.02511004283
165117.52679448965
88250.31660331384
434249.8129992364
243864.74845870322
313562.3873692243
176126.88952075914
267826.5018529735
303780.2152317612
175136.31765305623
212792.11391293496
216636.01714710784
178822.63350804066
184832.98048908115
167497.23859052258
173847.5877247144
163279.0325190115
260753.79449895
114752.56160239363
187770.19835894744
182794.22817301954
161441.02923139138
156811.333278559
193802.0645862036
187207.78303461816
201257.9814123354
127369.87756697123
140676.71452406992
245640.234666839
158145.02450660118
337919.56724271557
186054.36200631672
194647.26340111904
356574.2421949244
248633.31462443137
265175.2047465562
234443.513565871
289714.5307243586
409602.99127908977
174048.7376148965
147043.48859695357
221767.73734443364
140950.99297720485
185761.2975544931
175632.83813724748
102347.81063428576
218521.35220988496
195224.1783076651
185666.05905389923
154542.67577745955
138321.68419849436
205468.59381765052
123641.64341724354
160957.5490968577
248364.70884084632
288301.3343724372
186246.86011667093
220833.60489850695
237096.5135750127
170205.98962554504
265251.3337475339
328494.3269326432
216552.85882039816
203024.74389688045
232175.10274296888
277319.95194449736
194895.20535441732
155260.6441395189
130993.61490176413
184161.7121191821
211610.39244470076
196541.30869803668
132513.64603354846
208171.73753696232
185483.1473885133
309191.3617147029
278918.5167608753
132265.69507979025
200225.73064737505
253373.62674057466
187925.49628891045
216011.47218949534
224723.39417379536
102759.00011697599
162483.83843634021
217398.613689893
378367.7586067622
443914.4264563651
191243.24825222118
217330.232392551
174856.23798854873
175295.3986287413
277159.3062012702
165711.55421957132
223790.82139836773
231439.6519440934
230006.93609119454
218824.497166458
336131.43297003076
155537.4251901215
173053.57646164583
171664.54648853876
445528.80329545203
254061.83836483923
237344.5868696068
144341.58477496554
182068.17403130324
321900.73622647615
141385.33315653962
122517.08949442433
230715.3246635658
130564.63036834875
157615.87616411038
113640.09693533093
211813.01212978776
270245.0520807032
232901.68941195338
168068.47381861604
78877.26148817487
270965.7594656083
139061.8647602129
181652.49544514684
320547.12108321895
348498.13226577203
172992.04707799005
233574.77872636644
166018.47666732804
159432.45124413577
134647.6893794112
182168.99635752468
131890.3268238514
164251.18281389558
175491.64504611492
252888.00543476696
168213.0577399631
179035.39189827445
306145.5837577283
179369.79728721807
243638.0642193081
177282.35860915645
388526.7747137908
265302.0725220719
235584.258545651
407845.67997531313
394689.38682821963
234354.67443326573
142558.68766238575
193583.94560017472
477219.9809873768
98277.6449055293
140470.37790315412
210034.5925840488
223925.40384414396
295192.32282694604
291417.24659140885
421459.85690767213
214624.51294616004
121423.02890349578
175940.9226791186
152632.10626334682
175480.31384408014
252346.21895221187
347170.20564642875
150299.2297185099
76322.46447386021
153523.5697197265
208410.80018378166
173560.83431133628
383942.1451888103
186418.70438719093
373878.2449775116
191149.71131171184
146440.46101084
229289.58613830846
137504.40833656277
258354.21508936532
151778.7508747675
174797.03287948933
159655.7906117978
201644.1178353196
184200.66225599806
218712.5216570225
111845.37119771002
182661.48845298946
246411.85871972478
150751.36653477882
279298.2921241006
206929.11954557095
199319.68835917357
291711.4571432171
218329.9572223265
504847.16542342457
229619.36885172408
134352.92666533255
295604.4912041403
212212.21400883337
148423.37845000142
151348.6787612343
382054.8908062368
263003.7266782648
239384.1649210755
209864.99730446152
226426.69070430967
250394.70797315083
144459.7093524168
247834.34686054327
128680.50006385133
150252.2886804514
370021.38187972497
247215.40155956647
199959.2037077456
174843.12324136205
164028.7672050329
301314.84036475926
237242.6258512113
167927.26338169724
233516.50565113305
179303.23890045806
309201.15211648995
452313.01657017105
210896.72027651974
119949.49165838421
522696.89174185146
185230.43678779906
160890.66105826403
170480.52042847738
111928.51757597589
405990.69918392086
444930.5660073256
167245.31781940564
175404.6897992817
188429.14647599007
171555.3112138879
125888.56227445342
101763.47258991636
96842.1748078959
156661.2694269654
371664.7676677369
195819.78254291642
190842.5953639376
167410.3770970322
192694.330741543
202778.01392135883
226622.0399651748
154508.3047667201
128570.50777780572
178560.9759399973
161321.28090682812
162214.37708380338
220937.97337541677
218338.76743159787
241752.2893124204
156171.34369354768
264667.4652107336
185805.99346060323
401642.3855298879
278404.7826950438
156540.79297323208
344032.1470635266
184965.3751923864
146664.92398499796
187591.68478578914
367782.88599955116
156229.2295755468
195366.02314117562
141065.7351153239
142343.32675375108
301128.5379400546
152911.3473515838
211117.19497871748
167434.5043137027
165581.53200791526
176240.2359194002
278785.25496597233
335499.5241465945
210062.53204798754
423206.69413074
170605.1352368822
234143.95186406584
188558.01961325787
258974.4468889662
220137.4539897685
113002.92908778558
282926.82918754726
142549.47484870796
285627.130765763
155967.30517601076
249853.1054627813
139777.52786744578
235059.23164403407
133855.01387163223
367345.98915988306
244293.12711819555
116941.17857025056
189005.82270872616
204145.46652567777
156812.93781414782
501516.56375905906
113231.72583822424
265286.2277684501
189460.64205320986
170173.83590626201
252458.46763282773
112355.23515194305
282216.50235500594
264638.73590498755
86516.5052791542
167964.1100670422
212203.2945724299
163662.0215118201
187692.3714190329
194247.93916713906
348573.7054094316
156944.6256191043
168303.573052258
135682.20719899356
169651.25951751738
165970.1640697633
462377.3045807506
163950.01354665458
260542.21230748686
222645.73569238908
107202.8983876759
161706.07410977237
145984.82668785457
75925.23322957107
180759.50545773277
173991.9039940342
372123.00641330157
257194.4125994233
369966.57340043026
240855.07020344088
219312.33382257246
290413.6606518442
122340.9661828772
271271.0250602166
259480.31341234656
175270.02848760955
216878.43612634196
256670.9613454411
195830.80857630863
216514.26452448484
486681.769769837
182825.91860472684
282142.24943384895
172749.03298571493
232306.9782027368
125882.73996966243
227549.9172241406
155656.0699487867
193446.56593292975
233601.57452497398
139246.2807258474
209176.92151001128
307757.2001612484
114277.4393186318
178665.3545807905
387189.7497426072
280282.041925875
173193.72848832104
119599.56436744212
152577.9047896217
152455.59001621246
177905.5080318331
144234.91382783986
128698.73315412381
161598.82736863598
183550.57787421282
221381.55905882316
219287.46132402727
183653.48446345047
385631.2456112157
239074.74615121103
174390.1217122164
258259.10138396532
162473.264313123
158151.05429301242
156510.18325815647
167806.30902881367
145674.51776020773
198738.98601689207
175798.1224356301
185732.42687421915
192153.15267131818
229470.41043699026
130706.97988944358
142737.15409744988
152815.78398324014
278797.745844812
227344.52104792203
131876.61740186386
209049.69241703852
236302.09230184666
134467.44769070976
74362.09153421118
257993.75265270966
123752.86841452096
371084.39070229826
185587.66204257653
74809.70751788301
214493.9056614968
122059.97485105779
158975.1328850167
188103.4446876138
177280.4975743661
185319.22297161893
170665.2621649445
341426.4202305636
298997.746254059
145538.73779893565
221291.71049784776
262029.97468012464
186933.105817257
125249.12658246953
207309.3826682337
193732.1464649428
198764.76836827394
233182.13788447864
320572.55187897384
247782.80578446196
234571.3647076521
146086.9939722117
204642.7556691876
189648.7631674955
219812.25376179154
280643.2009798331
206334.5248255082
248765.94237904047
194104.0606461827
154244.9954345825
183640.53221975215
170153.23048219745
246587.1286341243
137455.79505352417
329630.01436564635
222837.8950429027
240397.7355242526
174155.7942930247
243704.7902836465
214493.194515354
227115.39392992476
212131.15753403417
286382.7157119847
256529.20142901092
228803.51792041102
166796.31420097683
114619.66799734932
213468.09774247077
498443.36730543134
133259.61818343034
183651.04752566255
79280.41089426624
200944.4024398169
157801.72966745094
284439.43828722765
183247.7317310797
145251.25074326614
191702.29039748054
124267.9396930059
166559.6629140468
204946.91314694923
78435.25219648377
237977.8746917168
227426.32985131425
118573.7856345278
257413.59268578264
141231.38457947216
188602.98252483667
182978.60728171223
264151.77057264687
270041.44702860405
208879.96069327946
155013.69355544916
222944.3234142675
175494.89017492195
154491.7521327401
109005.05506725004
223812.06467236276
139546.60641534044
181369.5523823812
109292.91870652426
187211.15339789583
214836.65726960817
256080.26197952213
208330.1075593019
199635.08378488687
92123.28041475589
200217.95640030893
170650.49429590828
252788.50347706536
75251.51767856782
229238.4107934828
178763.9393288158
210400.05708528977
144972.77332756398
188539.7914230895
122389.82337916185
286495.8049171624
152664.51235788534
228635.92346011195
205673.89887258018
216198.69691587202
152321.04337759392
362327.23600057606
199889.69045723623
337800.8834561698
202213.56062241268
323607.303551414
172530.0570352783
190874.89689100377
180680.56760299136
158021.80475388977
372444.138364208
227764.37557212808
248364.44572658138
158161.75311222405
226109.56471886937
217149.67549697138
348870.5397107216
136066.27244940112
257674.79553353865
284627.21076030296
169526.5550390174
205763.55629175037
215656.41198063846
229431.39888501685
314628.95282184746
182522.93923768183
185672.10837244586
284555.5304612306
381327.9746511782
104442.9962312141
157078.34657292516
186077.74237298925
144336.53153046858
120536.06659265756
337494.17848682794
221750.88684179253
196849.52919622938
480863.0654652257
155272.1016317922
225008.2068998816
246045.63957050414
182013.74838245715
279822.85951015895
246691.63012306212
373518.8195919801
366240.9333264657
148940.04594558896
267653.40295017994
183129.69395523297
253357.57858705538
266310.66533216333
236855.3937589443
132349.83821895943
245203.04399658734
189844.6722284663
190886.97431892122
198913.10653252515
211516.6414110965
357771.75891962217
357823.29038444295
336828.0845276524
256180.7903248122
192917.45061187254
72958.50097933093
349808.2101922933
214771.2256384368
108975.28124096784
439048.94081797794
306423.5963326443
183508.51836633202
387690.9999580791
202662.36238461323
263947.9781718614
179119.55356126843
65063.61001281877
150617.73083073003
340374.42026182066
336810.6606078839
261275.69111245451
199020.0126190943
182270.32274901026
232720.18139029955
208474.72555161762
96992.87443063015
357561.898395612
132921.54667140555
137605.1955588688
158530.06562917167
198054.22630156894
269903.7786204939
96849.44328186239
209607.8620643105
159793.1631566984
173920.21263014193
311813.73596184317
148220.28460648112
173059.56057829174
127351.16296289333
202114.72734847682
105253.54631743999
261781.40052728014
308815.87402752513
248487.44005038837
139641.3994052779
216221.78769967178
255453.82035255875
200515.30149473593
178100.1442533775
225434.04108884378
184539.72321504
225363.17257717956
176186.76219356572
121727.93059576924
198070.03340309844
246243.6654475838
197131.99387848855
202389.89560438576
173802.8381635574
253447.34348058788
226520.14940092713
214270.01379367485
286931.6976437779
121306.00531862576
133069.1508733172
193731.1863707321
285218.3339209722
187374.28099176328
218291.37062073709
203530.3246347383
318236.79229622363
213195.35003918913
280690.58120815194
358613.80329052097
371552.1280531615
172049.16450239756
178896.6113858898
131700.61852144613
269596.7723405728
173524.09585981196
218373.51037439267
263885.8314724002
114724.38403101289
187042.4592837695
182446.86340890866
166030.28198134358
212800.81987530022
166683.49798686756
387748.69634733343
159811.782214679
192869.63582522917
157278.11774960757
213428.9011438364
211274.20483688946
175227.8972674492
365397.7428210963
184015.7195201689
178764.9028483884
242832.678917867
274698.21384275233
208522.72390915113
163848.98861184687
161036.13839931614
174051.8435729711
189934.0097506858
251206.7357628126
442879.44788898795
207182.20905447606
362027.29359026626
250724.7578199564
171311.340114266
299993.0509759067
143907.67226381542
139161.99651094037
183385.4884480515
184175.22327779248
166008.5955622821
176658.36812435553
133812.24076941345
182009.41051106394
171682.1029514203
355453.07446585165
182700.06099243896
156473.163505541
167763.8558286738
270890.4710210416
125034.01774245538
158490.6273394795
301877.0350811862
205281.2464791607
186907.38060022437
148896.63525509124
181197.53926484296
280350.335696017
235313.23588002744
111084.90295026591
315712.42425596487
177339.7209091775
145353.24218472536
171052.64947670503
316620.6384671816
173338.83915332833
177385.29775907318
111603.37441514272
246956.56069808235
142860.72814209698
145859.14578615665
220701.27834710936
403562.2762177652
223095.8332449656
149034.62451506784
195777.33577795877
215074.55828422875
220375.531052585
177447.34582957783
193835.61090535956
207026.30939967933
199196.27036919812
169380.2239602134
314554.41449242114
198771.42068016372
148447.3992805927
122486.91704577001
233445.08904162995
184644.7673506718
167941.08716536438
215779.3312645713
261966.8202301652
108438.60856392386
166342.56979354584
482185.3201638904
175497.00542412937
221546.17184953066
339549.4414630502
125167.41717201224
161762.94099854678
172633.26838084657
256944.30638422826
84438.75983572585
237675.73151480532
163071.5815598008
143652.1898463362
370835.6899005235
246922.68567922973
122339.45062565392
303553.1603728641
157547.94277022113
199398.92545887493
131938.59393074136
131800.27307942222
114977.76835575074
139714.14959352324
235967.8931783387
141456.6421539048
178650.88521136544
231550.3904710025
369580.5804699633
161607.8013107203
353903.3072548932
182827.91512306055
182167.04976378108
229648.98330092794
172057.5795855567
182288.73216639907
155972.9206937355
157541.67009459194
229983.97114767312
208936.61989245558
366876.3974222265
131970.20349859595
136245.44157102008
163363.94748417436
225135.08069064777
173408.89999164426
249473.144173853
400072.39376124245
73088.59164557433
170248.55451872834
178684.12171755958
193843.2279001477
180409.59475025494
129977.13956064456
214751.5354553259
315558.7077109419
301239.1364115678
253475.30026718596
142026.79198389183
130841.12516186832
248525.44435965206
133660.19423155446
229039.6931981092
246562.0415664683
272819.66935670975
176554.84400841803
315903.5679446673
488848.1686233791
178373.93129395106
185280.72690642026
171525.88926008815
100738.94859597764
129135.86307319063
190406.01365567386
316995.6562681497
329354.5327502573
184707.07117707527
310638.0072531977
65888.10546121042
137866.60951087624
205348.17424063472
129181.10364537135
319096.6443511935
231816.6448422813
376954.3777105749
66804.80196351634
241815.29849087298
200793.48817809037
280459.9121252467
134622.1868151141
109021.4343355357
254450.90672768932
180135.2772575429
131260.40561250437
132919.58555826975
163440.62519738072
148319.9659284381
127392.6682555211
218546.6581854263
182887.40375435704
244613.97154338332
179368.37152484976
124225.32847852104
184022.94247984607
221705.69198320474
110413.07462147619
181654.7221783054
118699.97100108024
142272.67197100818
277478.15631888347
185554.2534002895
144958.0343595714
260724.5104434332
181759.92449697884
176264.6401226488
163677.13079439857
138145.62076974282
180477.05920594677
164672.03767596817
291968.94010625524
389039.6899843461
217180.15834698244
182790.13320379253
296720.74770990806
269035.4334084698
410067.96903390216
332321.4425104911
160363.6621440112
341467.42541354307
258916.516406724
172188.96724670986
204681.88671178158
129048.30906686951
173478.00749913818
193742.284538498
398160.1032579971
178673.1558487379
135071.63051243965
215903.7486083692
382283.00799717486
231963.60844603367
193955.97398456855
161805.77380397782
208997.08502995558
245229.42257745602
201104.92010437936
111482.613521381
189857.85174943265
186491.3797955481
143620.67240232162
218762.6449781154
102719.47444184139
189058.5461092225
264099.14280154667
279390.0841752031
382597.5517334585
170552.31323846633
191784.40458237156
148583.39960853723
391899.2702570254
141674.27466794552
170027.5665535947
154658.33719802398
121126.00174913446
189822.01093271695
145306.53743730584
132606.43823732578
141711.25338612855
102903.52164414237
108273.19120397884
203689.43577410496
282890.0968796847
180638.37850648919
187912.50328901198
376083.8603527293
278732.23146357003
176352.24980108705
158931.92968672691
179950.97098717213
112577.34406491727
165025.03408935116
177411.7617390312
185757.46388256756
172215.7641734575
207241.0126166814
168809.16779950663
279524.7163175461
199239.37611596528
117326.27741766136
128494.32486200235
128870.29181218294
212461.38125691278
143215.37492950037
263492.603367519
291023.43042347365
258680.2274568459
212229.85372519883
177382.611023019
457285.1877352676
225109.60011869407
184092.59478986793
187425.7273205134
177855.43382421313
98772.8478016336
213214.02428757507
281532.68268286996
267644.1767590334
207702.53938555173
186382.24909133653
135043.90551354858
502667.6144071134
220146.63131520982
262829.15027628926
151554.2121211655
198008.75766742005
250565.42717294738
142040.71924497024
266612.566070159
221844.63187403246
266972.7522525973
195009.04044072801
269326.730195813
154432.893586364
83734.37633071293
169875.32389269065
134007.90342082817
179995.1077954261
312086.1572044919
239061.1164285356
383356.0352822622
168712.2038786079
242391.26685636444
229343.01794865617
147191.8429165062
77677.69665992806
408274.9146233365
174479.89464824134
88607.46967133626
185790.6479570468
186906.43257960852
297402.21182823204
218272.2757383713
141041.02103380504
449170.6770399843
208285.55745147006
196553.7488337737
219300.4786126522
267612.19135252276
147628.46497143456
171554.53783630102
136556.06084286087
181346.08460763426
284379.9252754336
131407.36928645018
167567.66859717708
348981.8429264302
496511.92681881867
142496.51467231195
141235.71754866422
130077.2780275943
459986.81729503133
385769.5639356541
246384.93139064303
174551.939099598
160226.10364161557
182124.90562801872
152706.13567245376
222799.4928911565
232353.27758128862
152636.41494868812
254144.30074362774
197627.72770156185
143754.6988842481
123548.60014478823
261119.9409910236
415179.18037779623
214916.20810285545
199422.9440990822
378111.90288752556
127044.7189683889
273502.66452345846
212138.42461433698
177197.15351006505
162247.19455933658
144355.7483486344
345295.1104123212
319741.94474633
174020.05366507784
80762.36130272508
135240.32548367765
184120.52704314157
185132.50652540734
188407.77691564133
125912.37769302528
142077.8767553742
157426.17122577963
293728.4130577841
294136.5305206518
255660.80855745994
151400.39853751156
233964.2864561737
265803.9236590405
130886.66687511536
170288.50161791634
379275.8180639184
188632.6360339747
130973.64387870817
91466.44208750434
165302.3243121786
337101.7103800917
186994.9473864702
129640.23719873079
185845.96531784502
144852.9070822129
267716.8915839988
103855.12187109764
194489.2982683832
166900.21453446912
207447.4472865052
139064.98375655466
240917.40552944475
210328.6900854397
215783.034127006
88493.8541285113
197382.53484677925
128714.144188591
212353.99416984027
257295.15309224874
156975.8364982535
324395.0008286449
229938.54176356475
173837.74074970683
202308.36767479792
202881.4550197825
176307.66242444646
216084.56185100815
199674.29886842967
194703.27380559075
245367.24267096986
182124.90562801872
337562.4838102143
155457.68808300552
182500.51167767332
203025.35651782167
257935.65656232377
208786.7132553724
171645.49838340745
173752.75891539306
153178.14366956876
258604.3810339644
174603.4943567867
164830.94474796724
159836.98097816715
225802.41991395215
270896.1637775406
322027.9079916117
134175.61486906518
462121.21372986713
184823.45978813127
262559.3759518085
234890.60819302578
270911.8952447303
248007.07647670823
145057.69311135446
179538.31658852962
114946.90293510207
287516.2000280685
164267.98573593114
180690.57728279918
185839.367561045
163892.19346785938
248692.97914548125
164584.98030537218
215048.66452866973
144117.7584478205
257061.12546595684
230475.7610246664
226345.80176294703
169733.6345754421
151758.22704606113
281715.85076283733
132240.61577126317
191582.08808923623
183604.99935782285
217096.66677242177
376980.0527754046
182574.48807106132
110628.13229738362
255689.92786777174
97572.38856774181
118702.23666324964
237627.97329618075
353944.64777629456
238702.6720429724
195681.73668499247
103518.42564760425
294000.5602236448
191679.82145656587
96872.15041110199
190463.88870660143
176900.0902044092
284059.7329973295
329731.95723372925
287637.863075291
239321.52580965467
127696.33349904357
195595.8706128408
204356.1199729626
138673.09084794862
159547.46306118363
197665.45797828582
283079.99063478096
183563.72311516257
275724.2642301333
153820.90681852907
248533.09415665013
211723.86131328804
172241.6194197975
124240.35261770847
262612.2860388453
185820.09217853815
223334.54374069232
183720.39682334132
349652.8332848977
183987.52628884575
201374.1655012108
270395.9070495829
157372.1939078288
219413.76281226246
257027.44658569322
97643.16334465181
158497.0060979168
215718.51494564576
414354.64704895904
279717.5515540063
167782.74400882865
182975.5478126455
294078.27893230226
182685.94108903277
134129.76944708862
177869.12515927647
177718.21290113527
113784.63098408046
168980.1896471155
129371.41769321989
99688.59955217708
328884.06191811344
224023.352822115
108327.10381302722
247610.73851595097
146013.90056004902
66197.24667886007
428595.98116190126
246862.72658813006
403622.4201090635
128414.62808876736
228025.64594463623
472443.65927605436
243398.3786104843
205388.96170495293
155391.49607952638
167666.91598551857
220022.00097534215
128633.66737181945
274837.83614696556
364817.91251825733
399385.24767672375
177924.71676583315
149175.09756862564
271701.36831042345
143405.10096800586
117102.34250184565
118729.94632486464
170264.19744682213
186146.33969622612
432657.3654129427
285601.86066122504
196344.048794961
294182.704934904
284445.33714378875
183330.22144349752
374051.54263774696
151427.73806572327
154331.30432900475
185865.7612268405
186782.54311407855
66279.13637233869
239033.21659684842
248103.12617494338
138121.88063403283
194378.9501506087
238207.7356611487
141700.258592689
310037.56027141574
390468.92642038123
171007.58968390664
181216.55548874216
258652.83576881923
237096.5135750127
67264.11637347369
382480.7353608451
147043.48859695357
247339.0792608108
215139.16549491175
189692.85441284915
187842.6413034278
275339.42540683545
323862.77892228065
195608.94652869768
273509.98491411924
207792.2908603167
225170.97243750747
148890.18334602038
154999.29803689552
248414.3672855287
170644.06516425085
170662.7073607279
134474.29541267408
196847.97430682788
177510.83904442794
205476.63634374418
282577.8077269619
122024.12600074483
137810.32933364058
165189.8498931704
196271.0481525705
196621.65832066914
298650.19935644325
139959.93208604667
197728.59811957862
182362.23960671312
217839.33293689237
349674.1570654338
209392.5603932431
259900.72049464012
164819.59068641375
163214.1648493313
337804.7769733372
221023.3025412125
203903.47251732778
179685.49189687613
415750.3952826679
220744.59395420118
207624.4236205726
218660.9909833076
162034.33907591976
162898.22187215963
232442.23411972914
175456.40870616937
376780.73570229986
236788.7289398152
404594.246694084
217722.857607659
77135.25032648598
164989.8408373421
215173.64149539924
358853.25343817467
142692.15507276452
136530.68249099137
232238.01257218825
230842.1999819742
171813.37142519114
212413.2392868215
216237.76562885125
173417.29272240176
152900.7100180927
143173.34179432
162176.54738793732
127219.7169723616
115597.37841991437
119685.98696349908
191564.62884108827
148332.48530232595
175943.97248323885
247271.39401205938
200986.2804761655
192406.07396896978
144310.33791894943
216344.71747984775
101587.26298835217
350388.9953346114
188513.52030385606
162625.52028296975
207779.41314632393
124400.60036298828
211695.62058507605
197300.63067109944
171910.79917755356
211374.99696829828
104514.03684814787
219921.16218244765
192178.08287477604
421354.24371569173
261567.41360223544
275003.8919753579
256838.58756827825
141517.45796742267
121377.46023791288
230257.3667308508
166866.39721448204
167457.62622826995
120549.72571114523
298031.338104511
173087.73348326032
125675.84182470656
200103.71238650396
352994.4621015473
132866.64650655864
211789.35595417683
263904.9153189603
200085.10950238886
222825.08325261125
271612.25497978943
68854.23839619209
254531.2604408246
155925.67915494303
192882.5662545833
134978.53373962568
232964.99441671203
422437.16592633043
134140.97163979168
166173.20565235708
316259.2565647149
283680.7182588483
189013.97633361584
273056.4989020059
127880.66692780345
324941.8611089041
179715.03101280355
173475.94346538495
211803.55496345452
125637.99186465351
202752.67967807225
174772.49155650608
275972.0745828403
297666.3519368875
158850.50632531295
215900.29834159877
170576.30581144188
222412.95937425122
224442.92141792388
201429.06889918508
302420.20180627436
264149.6707238675
171640.87455018653
367684.0037836019
135542.36535104676
164105.90897686357
168813.64896612195
147925.11859089747
185657.53930309764
232417.1487115472
169883.773905433
308496.5080517485
148134.5523789157
210962.815542362
186901.14142999463
260182.28659611303
179075.0873946931
194099.38028525154
112827.30364825526
227298.95421369156
173787.06822685077
141564.89610340272
307513.1390636084
339580.8812720855
231206.60910944158
408010.539662883
208058.52736458465
212237.17556169824
170036.62174517513
145755.4849747227
400515.24357711663
182007.1369966447
180087.98575285828
235218.82858060198
222025.27536919183
191150.64537074085
128313.14701790118
433994.31594165677
173317.13497160963
189274.91805548276
217614.1567458789
260988.02426644615
369502.8688644718
160570.96919135246
159226.27301700093
75326.3108683391
154159.91488871138
194042.24094345016
127558.18424751668
195155.90267374917
156070.256208423
153142.86730526664
179891.72757616293
158990.01841890853
161174.99102435706
174305.76143755342
200206.75264256107
226915.21917757843
155314.811929625
119079.00536673419
258873.69144741533
194023.467100501
66350.4490797061
204374.71419306457
206580.6533085791
198649.8059422814
148748.97302226504
197936.47119605384
391309.1216099577
167423.88146676018
212957.88163168155
315763.2887510435
184318.6610013134
151874.46595608158
181256.91829237892
165518.49348590695
283081.705254946
118771.18065601515
176404.2538150143
206542.25097019298
199948.32164848686
131772.39127771088
250269.9035476811
154096.95535912967
161532.8636639079
349344.7107397829
135446.1273505806
190891.62811625368
210712.01053007256
193708.56471350475
187877.71702990605
152451.94935703403
387747.86894337327
226788.94210049947
223429.91148385376
321831.61954578897
146474.5820016242
287811.474991707
152395.8091940588
170779.79346199712
276840.5232713653
165243.66926599006
189974.54391643824
121115.66830145635
221453.47771498404
134671.76521269715
211593.12692657014
330793.55298590835
162233.95882925374
513879.3712202966
318605.26543309604
234722.1310782099
217745.80682250514
280201.5883625521
268533.9820885148
219262.86940627935
200609.9328727015
219288.37478626356
369159.5109243536
169517.23808430013
181008.33295974098
200864.31045225548
174107.34984579126
273780.7031266949
208301.50635002195
151584.29388775653
141331.9112783994
184516.9843137649
277314.357260264
191266.37481396625
234533.78042726376
195258.93835447362
157346.47593858675
154094.9132296009
394554.4744638478
240858.07831259427
341535.65018020506
179335.14419164578
138761.23218678893
168553.0504466591
163419.3805294204
153063.85320147322
256782.3223124443
255506.9355823947
170708.21437251772
241661.51685632835
257310.18070648419
243751.39070966103
181845.99975572104
284357.82588319015
267840.08050447906
131940.6653778572
187237.6696271113
346802.40986527054
385935.5166815145
254747.04983449183
161167.29555314375
150300.77901491924
106173.12649004508
159948.8041707241
166030.04564470123
170966.14885544227
179825.58765762876
248680.3669725571
218717.83146060482
366020.1018332497
180908.03106733636
213221.57169970256
302584.40389424615
146640.14648931494
170158.1335000534
270214.4681492072
408796.565272781
314047.031738208
101866.66120657869
187109.00214869535
181180.6030696396
304938.7291557645
177942.724054596
146020.59415235347
114478.47177246139
177806.21584327405
251742.55935456752
213346.50571129363
167139.4316532089
328079.3438028748
156836.67423442524
265255.5769001773
112237.15008659083
241231.36211536377
309430.7730952011
383180.76490401645
179830.83028753928
221825.4395164337
207972.59890712047
267342.63660153945
259591.83269067077
207535.1603363176
266277.1201001978
324753.7915337981
230790.13314899863
142512.00703736025
168731.34774180735
253398.36679600537
148635.2319367966
200696.02901488735
168877.63460288383
154542.67577745955
193284.5996932954
141824.56310840588
322342.0723762171
111422.70507689947
154896.10521536562
361880.6900903412
152465.990196997
189585.1160114052
248949.3726065
198325.58251152403
159796.62245815177
203945.3190764059
206536.53000355122
312959.68234162405
96088.75118350961
172258.15018176922
308105.52678564406
259581.95513602084
329642.47926603595
302624.02949704276
165498.73033475707
224405.71356302281
173321.7454469527
233628.4532338553
193958.66765936074
333712.0226392566
232003.90345951
213258.46653051116
211166.32266218765
155642.47163908975
123835.95289383727
112691.99688027422
131301.56514849231
441560.62006753695
419302.69205687224
173972.8957178621
168384.2342383366
176223.41713021704
338679.58692245476
180620.55072227455
77756.39747328367
126996.20628296661
181438.90173942136
145304.37896071188
447331.47223257425
373832.5099451785
277642.164273669
163861.30749662014
185735.4814796547
222951.1083899104
313117.67836571427
167804.128271009
164047.37051696758
239474.03552629813
134878.5093185944
329418.4925365079
208103.58717683487
184831.8115217089
